{"banking": {"total_positive_is_larger_on_right_side": [0.775974025974026, 0.784906914893617, 0.7907055630936228, 0.7968044459881903, 0.8011303426351113, 0.8079710144927537, 0.8123374210330732, 0.8181468665897732, 0.826559356136821, 0.8423127463863338], "total_negative_is_smaller_on_right_side": [0.6756493506493506, 0.6815159574468085, 0.6862279511533242, 0.6901701979854116, 0.6944542564464854, 0.6985507246376812, 0.7012263099219621, 0.7047289504036909, 0.7086519114688129, 0.718353044240035], "total_of_positives_and_negatives_is_larger_on_right_side": [0.7792207792207793, 0.7878989361702128, 0.7937584803256446, 0.8009725599166377, 0.8064288237371954, 0.8123188405797102, 0.8179115570419918, 0.8223760092272203, 0.8289738430583501, 0.8423127463863338]}, "hwu": {"total_positive_is_larger_on_right_side": [0.820631970260223, 0.8276515151515151, 0.8336538461538462, 0.8336594911937377, 0.8401598401598401, 0.8457609805924413, 0.852510460251046, 0.8665943600867679, 0.8748577929465301, 0.8912237330037083], "total_negative_is_smaller_on_right_side": [0.7546468401486989, 0.7604166666666666, 0.7673076923076924, 0.7690802348336595, 0.7762237762237763, 0.7814096016343207, 0.7876569037656904, 0.7960954446854663, 0.8020477815699659, 0.8170580964153276], "total_of_positives_and_negatives_is_larger_on_right_side": [0.8131970260223048, 0.8191287878787878, 0.8259615384615384, 0.8258317025440313, 0.8331668331668332, 0.8386108273748724, 0.8451882845188284, 0.8590021691973969, 0.8657565415244596, 0.8825710754017305]}, "clinc": {"total_positive_is_larger_on_right_side": [0.9553333333333334, 0.9603782080144079, 0.9642775881683732, 0.9675115207373272, 0.9710685954269715, 0.9768047337278106, 0.9814770267019485, 0.9851815263027908, 0.9891084093211753, 0.9938354328598231], "total_negative_is_smaller_on_right_side": [0.8637777777777778, 0.8687528140477262, 0.8718998862343572, 0.8755760368663594, 0.8800746616892208, 0.8844970414201183, 0.8881404859273515, 0.8982464806124969, 0.9037487335359676, 0.9166443312784777], "total_of_positives_and_negatives_is_larger_on_right_side": [0.9642222222222222, 0.9691580369203062, 0.9722411831626848, 0.9748847926267281, 0.9783014465702287, 0.9841420118343195, 0.9867693047871061, 0.9911089157816745, 0.995694022289767, 0.99812382739212]}}