{"banking": {"total_strength_is_larger_on_right_side": [0.602922077922078, 0.6063829787234043, 0.6099050203527816, 0.6109760333449115, 0.6121511833274461, 0.6155797101449275, 0.6157562244518766, 0.6182237600922722, 0.6201207243460765, 0.6307490144546649], "total_of_top3_is_larger_on_right_side": [0.8006493506493506, 0.807845744680851, 0.8141112618724559, 0.8211184439041334, 0.8272695160720593, 0.8340579710144927, 0.839836492010405, 0.8462129950019224, 0.8527162977867203, 0.870784056066579]}, "hwu": {"total_strength_is_larger_on_right_side": [0.654275092936803, 0.65625, 0.6576923076923077, 0.6555772994129159, 0.6593406593406593, 0.6608784473953013, 0.6652719665271967, 0.6735357917570499, 0.6723549488054608, 0.6835599505562423], "total_of_top3_is_larger_on_right_side": [0.8355018587360595, 0.8418560606060606, 0.85, 0.8512720156555773, 0.8581418581418582, 0.8661899897854954, 0.8755230125523012, 0.886117136659436, 0.8930602957906713, 0.9122373300370828]}, "clinc": {"total_strength_is_larger_on_right_side": [0.758, 0.7609185051778479, 0.7629124004550626, 0.7652073732718894, 0.7680821278581428, 0.7727810650887574, 0.7767620880442627, 0.7856260805137071, 0.7907801418439716, 0.8005896542481908], "total_of_top3_is_larger_on_right_side": [0.9524444444444444, 0.9561008554705088, 0.9597269624573379, 0.9631336405529954, 0.9664022398506766, 0.9692307692307692, 0.9728169352898725, 0.9780192640158064, 0.982016210739615, 0.986598767086572]}}